Ticker,Time,Headline
AAPL,2024/12/09 10:01:00,"Magnificent Seven Stocks: Nvidia Stock Tumbles; Amazon, Tesla Rally To New Highs"
AAPL,2024/12/09 09:03:00,Trump Is on Collision Course With EU Over Big Tech Crackdown
AAPL,2024/12/09 08:32:00,Omnicom to Acquire Interpublic in Deal That Will Reshape Advertising Industry
AAPL,2024/12/09 08:24:00,"Apple, Nvidia, and Microsoft are America's best-managed companies right now, report says"
AAPL,2024/12/09 08:24:00,A Class Action Lawsuit filed on Saturday states that Apple failed to properly find and delete child sexual abuse material from iCloud
AAPL,2024/12/09 08:10:00,Forte: Apple shares bake in the A.I. fueled upgrade cycle.
AAPL,2024/12/09 08:09:00,"Apple Inc. (AAPL) Faces Setbacks in China as AI Integration Struggles with Baidu, Impacting iPhone 16 Sales"
AAPL,2024/12/09 06:00:00,Beyond Market Price: Uncovering Apple Inc's Intrinsic Value
AAPL,2024/12/09 05:32:00,Where Will Apple Be in 1 Year?
AAPL,2024/12/09 05:12:00,Apple to rollout own cellular modem chips for iPhone SE-report
AAPL,2024/12/09 04:45:00,Apple announces retail expansion plans in Saudi Arabia
AAPL,2024/12/09 00:00:00,Europe on Collision Course With Trump on Big Tech Crackdown
AAPL,2024/12/08 23:53:00,Apple plans three-year modem rollout in bid to top Qualcomm
AAPL,2024/12/09 21:14:00,Apple Tops the List of Best-Managed Companies of 2024
AAPL,2024/12/09 20:00:00,Apple announces Apple Retail expansion in the Kingdom of Saudi Arabia
AAPL,2024/12/09 18:00:00,Prediction: This Artificial Intelligence (AI) Company Will Be Acquired in 2025
AAPL,2024/12/09 13:46:00,"Jeff Bezos Focusing On AI at Amazon, Sundar Pichai Talks Woke Culture"
AAPL,2024/12/09 13:21:00,Advertising Firms Omnicom and Interpublic Nearing Merger That Would Reshape Industry
AAPL,2024/12/09 11:08:00,"Apple Inc. (AAPL) to Launch In-House Modem and AI-Powered iPhone SE in 2024, Reducing Reliance on Qualcomm"
AAPL,2024/12/09 11:00:00,Apple co-founder Steve Jobs reminded Gap's former CEO why micromanaging is OK
AAPL,2024/12/09 11:00:00,Give People What They Really Want: Digital Gifts
AAPL,2024/12/09 11:00:00,Gift Cards Can Feel Generic. Theres a Better Way to Give Them.
AAPL,2024/12/09 09:33:00,"While a new rumor claims that Apple and Sony are working to bring PlayStation's VR2 controllers to Vision Pro, could there be more on the horizon?"
AAPL,2024/12/09 09:00:00,Bluesky promises to shake up social media. It might finally succeed.
AAPL,2024/12/09 07:49:00,2 key inflation prints loom ahead of Fed rate cut decision: What to know this week
AAPL,2024/12/09 05:02:00,"Meet the Stock-Split Stock That Soared 10,610% Over the Past 15 Years. It's Poised to Join Apple, Nvidia, Microsoft, Amazon, Alphabet, and Meta in the $1 Trillion Club by 2025."
AAPL,2024/12/09 00:02:00,Can Stocks Pull Off a Third Consecutive Year of Big Gains?
AAPL,2024/12/07 18:18:00,"3 Stocks That Turned $1,000 Into $1 Million (or More)"
AAPL,2024/12/09 16:28:00,Will Trump Save TikTok? Some Experts Have Their Doubts.
AAPL,2024/12/09 13:27:00,Is Apple Inc. (AAPL) Dominating A Billionaire Quants Investment Strategy Right Now?
AAPL,2024/12/09 13:00:00,"If You Like Big Tech, You'll Love This ETF That Lets You Invest in Microsoft, Nvidia And Apple At The Same Time"
AAPL,2024/12/09 09:00:00,"Intel ousts its CEO, Mark Zuckerberg eyes Trump, and Elon Musk loses again: Tech news roundup"
AAPL,2024/12/09 05:37:00,"Warren Buffett Has Sold $133 Billion Worth of Stock in 2024 So Far, but This Small $550 Million Purchase Is Sending a Big Message to Investors"
AAPL,2024/12/09 05:30:00,2 Top Artificial Intelligence Stocks to Buy in December
AAPL,2024/12/09 01:07:00,Why Is Apple Inc. (AAPL) Among the Best Tech Stocks for Long Term Investment?
AAPL,2024/12/06 19:28:00,CFPB Moves to Supervise Google Payments Under New Rules
AAPL,2024/12/09 17:12:00,Appeals Court Upholds U.S. Ban of TikTok
AAPL,2024/12/09 16:56:00,Apple Plans Three-Year Modem Rollout in Bid to Top Qualcomm
AAPL,2024/12/09 16:17:00,"Apple to rollout in-house modems, replacing Qualcomm chips: BBG"
AAPL,2024/12/09 15:22:00,Analyst Report: Apple Inc.
AAPL,2024/12/09 13:04:00,Why Apple Inc. (AAPL) Is the Best Beginner Stock to Invest in Now
AAPL,2024/12/09 12:52:00,"Apple plans three-year modem rollout to compete with Qualcomm, Bloomberg News reports"
AAPL,2024/12/09 12:12:00,Qualcomm shares down after report of Apples in-house modem debut
AAPL,2024/12/09 12:05:00,"MLS Commissioner Don Garber on Apple deal, Messi's influence"
AAPL,2024/12/09 11:01:00,"Apple iPhone Demand Sees Slight Gains in November, KeyBanc Sets $200 Price Target"
AAPL,2024/12/09 09:10:00,Apple Gears Up for iOS 18.2 Release with Major AI Features and Enhancements
AAPL,2024/12/09 07:31:00,"iPhone 17 Air Challenges Pressure Apple's China Prospects, Jefferies Says"
AAPL,2024/12/09 07:00:00,The 2024 Investopedia Terms of the Year
AAPL,2024/12/09 05:30:00,Apple to invest $1bn in Indonesian manufacturing plant
AAPL,2024/12/09 05:06:00,The Stock Warren Buffett Is Virtually Guaranteed to Buy in 2025 Is a Company He's Invested Close to $78 Billion Into (Hint: It's Not Apple!)
AAPL,2024/12/09 04:30:00,"Huawei premium smartphone shipments surge, as Apple continues to lead segment in China"
AAPL,2024/12/09 04:25:00,"Meet the Unstoppable Artificial Intelligence (AI) Stock That Could Join Apple, Nvidia, and Microsoft in the $3 Trillion Club by 2028"
AAPL,2024/12/09 00:05:00,"Is This Wildly Overvalued Stock Market Doomed? Yes, but Maybe Not Yet"
AAPL,2024/12/05 21:39:00,OnePlus unveils Project Starlight in India to fend off Apple in premium market
AAPL,2024/12/09 20:50:00,A Black Friday/Cyber Monday Breakdown
AAPL,2024/12/09 20:32:00,"Apple Inc. (AAPL) Leverages AWS AI Chips for Apple Intelligence Pretraining, Highlights Collaboration at AWS re:Invent"
AAPL,2024/12/09 15:00:00,ChatGPT: Everything you need to know about the AI-powered chatbot
AAPL,2024/12/09 11:41:00,"Apple's AI Future: Tim Cook Talks Privacy, ChatGPT, and the Vision Pro"
AAPL,2024/12/09 10:21:00,"UBS Maintains Neutral Rating on Apple Inc. (AAPL), Cites Soft iPhone Demand and Muted AI Interest"
AAPL,2024/12/09 10:20:00,Trump just gave a new signal he isn't going to let up on Big Tech
AAPL,2024/12/09 08:25:00,Foxconn's Sales Surge Amid Apple Product Demand and AI Growth
AAPL,2024/12/09 08:01:00,Apple invents Smartglasses with Waveguide-Based Eye Illumination
AAPL,2024/12/09 07:30:00,Here's Why Warren Buffett and Berkshire Hathaway May Change Their Investing Strategy With Donald Trump as President
AAPL,2024/12/09 07:03:00,Apple unveils AI decision that is a major blow to Nvidia
AAPL,2024/12/09 06:35:00,Where Will Apple Stock Be in 2 Years?
AAPL,2024/12/09 06:26:00,"TSMC in Talks To Produce Blackwell AI Chip for Nvidia in Arizona, Report Says"
AAPL,2024/12/09 05:30:00,He Was Going to Save Intel. He Destroyed $150 Billion of Value Instead.
AAPL,2024/12/09 04:50:00,Nvidia Stock vs. Apple Stock: Billionaires Are Buying One and Selling the Other
AAPL,2024/12/09 02:49:00,IPhone Maker Hon Hai Posts 3% Sales Growth After AI Demand Slows
AAPL,2024/12/04 22:30:00,"Tata reportedly in talks with Microsoft, Dell, and HP for contract manufacturing collaboration"
AAPL,2024/12/09 18:54:00,Steve Jobs convinced Tim Cook that Apple would never go out of businesseven though critics thought so
AAPL,2024/12/09 17:52:00,Four Reasons the Market is Headed Higher
AAPL,2024/12/09 13:53:00,"Donald Trump just picked who will take over the Google, Apple, and Visa monopoly cases"
AAPL,2024/12/09 13:42:00,Nintendo DS is 20 years old: What's next for portable gaming?
AAPL,2024/12/09 13:36:00,Trump Taps Vance Aide Gail Slater as Top DOJ Antitrust Cop
AAPL,2024/12/09 13:35:00,"Donald Trump just picked who will take over Google, Apple, Visa monopoly cases"
AAPL,2024/12/09 13:01:00,"Apple CEO Tim Cook asked about his future, says 'hard to imagine life without Apple'"
AAPL,2024/12/09 12:00:00,What's Going On With Magnificent 7 Stocks?
AAPL,2024/12/09 11:36:00,Tech's Santa Claus rally: Analyst sees AI party carrying into 2025
AAPL,2024/12/09 10:15:00,"Apple facing hurdles in adapting Baidu AI models for China, The Information reports"
AAPL,2024/12/09 10:00:00,"Ray Dalio's Bridgewater Adds Broadcom, Apple, SMCI In Q3, While Offloading Stake In AI Giant Nvidia And Other Big Tech Companies"
AAPL,2024/12/09 09:27:00,"Apple's ecosystem is a 'prison yard' for employees, lawsuit says"
AAPL,2024/12/09 07:10:00,"Apple, Meta Are Leading a Big Tech Rally. Why Trump Could Halt It and 5 Other Things to Know Today."
AAPL,2024/12/09 06:36:00,Apple faces $995m UK legal challenge over developer fees
AAPL,2024/12/09 05:26:00,Apple Eyes $1 Billion Investment to Lift Indonesia's iPhone 16 Ban
AAPL,2024/12/03 21:00:00,"Breaking Down Trumps Tariffs on China and the World, in Charts"
AAPL,2024/12/09 16:35:00,Apple Stock Keeps Climbing. This Analyst Says Skepticism Is Overdone.
AAPL,2024/12/09 14:39:00,Saxo Banks Outrageous 2025 Prediction for Nvidia (NVDA) Stock
AAPL,2024/12/09 14:17:00,"A current Apple employee is suing the company, alleging it spies on employees private lives through their personal devices"
AAPL,2024/12/09 13:50:00,Apple (AAPL)s AI Ambitions: Loops Buy Rating and the Future of Apple Intelligence
AAPL,2024/12/09 13:36:00,Warren Buffett Stocks: What's Inside Berkshire Hathaway's Portfolio?
AAPL,2024/12/09 13:31:00,Apple's Multi-Year iPhone Cycle And App Store Dynamics Are Growth Catalysts: Analyst
AAPL,2024/12/09 11:51:00,Apple Faces Lawsuit for Allegedly Spying on Employees' Personal Devices
AAPL,2024/12/09 11:43:00,Apple Hit with $995 million UK Lawsuit Over App Store Fees Amid Developer Outcry
AAPL,2024/12/09 11:42:00,"Amazon Announces Supercomputer, New Server Powered by Homegrown AI Chips"
AAPL,2024/12/09 10:26:00,Indonesia Says Apple to Offer $1 Billion to Lift iPhone Ban
AAPL,2024/12/09 10:03:00,"Apple, Microsoft, and Amazon Are Quietly Positioning for Crypto DominanceHeres Why It Matters"
AAPL,2024/12/09 09:50:00,"Apple faces employees personal devices lawsuit, reports say"
AAPL,2024/12/09 09:38:00,Apple's $1 Billion Move: Will Indonesia Dictate the Future of Tech Giants?
AAPL,2024/12/09 09:27:00,Apple (AAPL) Surged on Investors Optimistic Perception
META,2024/12/09 10:01:00,"Magnificent Seven Stocks: Nvidia Stock Tumbles; Amazon, Tesla Rally To New Highs"
META,2024/12/09 09:46:00,"Google, Meta, Microsoft Invited to Join Trump's Anti-Drug Efforts"
META,2024/12/09 09:32:00,"In case of TikTok ban, Meta, Snap set for significant upside, says Deutsche Bank"
META,2024/12/09 09:03:00,Trump Is on Collision Course With EU Over Big Tech Crackdown
META,2024/12/09 08:50:00,Interpublic Stock Soars on Omnicom Deal. Why Its All About Meta and Google.
META,2024/12/09 06:00:00,The Art of Valuation: Discovering Meta Platforms Inc's Intrinsic Value
META,2024/12/09 06:00:00,Why this strategist is paying close attention to Nvidia & Meta
META,2024/12/09 00:00:00,Europe on Collision Course With Trump on Big Tech Crackdown
META,2024/12/09 00:00:00,Covert Facebook Network Found to Be Targeting Romanian Voters
META,2024/12/08 21:14:00,Apple Tops the List of Best-Managed Companies of 2024
META,2024/12/09 13:25:00,"Meta Platforms (META) Announces $10 Billion AI Data Center in Louisiana, Expands Renewable and Nuclear Energy Initiatives"
META,2024/12/09 13:21:00,Advertising Firms Omnicom and Interpublic Nearing Merger That Would Reshape Industry
META,2024/12/09 09:00:00,Bluesky promises to shake up social media. It might finally succeed.
META,2024/12/09 07:50:00,3 AI Stocks to Buy and Hold for the Rest of the Decade
META,2024/12/09 07:49:00,2 key inflation prints loom ahead of Fed rate cut decision: What to know this week
META,2024/12/09 05:30:00,How Did Taylor Swift Fans Juice the Economy? We Tracked One Friend Groups Spending
META,2024/12/09 03:00:00,Metas Biggest-Ever Data Center Could Lift These 5 Companies
META,2024/12/09 00:02:00,Can Stocks Pull Off a Third Consecutive Year of Big Gains?
META,2024/12/07 13:11:00,"Is Meta Platforms, Inc. (META) Dominating A Billionaire Quant's Investment Strategy Right Now?"
META,2024/12/09 09:00:00,"Intel ousts its CEO, Mark Zuckerberg eyes Trump, and Elon Musk loses again: Tech news roundup"
META,2024/12/09 07:00:00,UnitedHealth Backlash Signals Possible Shift in Washington and on Wall Street
META,2024/12/09 05:30:00,Dividend Stocks Are Primed for a Comeback in 2025
META,2024/12/09 04:09:00,Have $500? These 2 Stocks Could Be Bargain Buys for 2024 and Beyond.
META,2024/12/09 03:17:00,Billionaire David Tepper Has 14% of His Portfolio Invested in These 2 Brilliant Artificial Intelligence (AI) Stocks
META,2024/12/09 01:12:00,Why Is Meta Platforms Inc. (META) Among the Best Tech Stocks for Long Term Investment?
META,2024/12/06 21:00:00,IPOs Are So Passé. Heres How Employees Are Getting Rich Now.
META,2024/12/09 18:00:00,TikToks Lifespan Shortens
META,2024/12/09 17:12:00,Appeals Court Upholds U.S. Ban of TikTok
META,2024/12/09 16:29:00,"How to play the software sector in AI age: Adobe, Oracle, Salesforce"
META,2024/12/09 16:05:00,This Is The Latest Utility Stock Riding The AI Wave With $10 Billion Meta Project
META,2024/12/09 16:02:00,"Nvidia Remains AWOL, But Palantir Stock Strikes Again  Big Time"
META,2024/12/09 15:45:00,TikToks loss is Metas win
META,2024/12/09 15:40:00,"Meta's AI Chatbot Nears 600 Million Monthly Users, Zuckerberg Says"
META,2024/12/09 15:15:00,"Meta unveils a new, more efficient Llama model"
META,2024/12/09 14:37:00,Meta's Llama 3.3 Release Coincides with 80% Year-to-Date Stock Surge
META,2024/12/09 13:22:00,TikTok advertisers stay put after US appeals court upholds law forcing sale
META,2024/12/09 13:08:00,Meta Platforms (META) Debunks AI Election Myths with Key 2024 Insights
META,2024/12/09 12:45:00,3 Reasons Why Growth Investors Shouldn't Overlook Meta Platforms (META)
META,2024/12/09 12:32:00,US is closer to banning TikTok and these companies could benefit
META,2024/12/09 12:28:00,"Meta, Snap Stocks Gain After TikTok Ban Upheld By Federal Appeals Court"
META,2024/12/09 12:01:00,Meta Surges 3%: TikTok Ban Ruling and James Cameron VR Deal Spark Investor Frenzy
META,2024/12/09 11:00:00,US court upholds TikTok ban. What could this mean for Meta?
META,2024/12/09 09:30:00,Wall Street Analysts Think Meta Platforms (META) Is a Good Investment: Is It?
META,2024/12/09 07:59:00,Meta teams with James Camerons Lightstorm Vision
META,2024/12/09 06:27:00,Meta Platforms contracts Invenergy for 760MW of renewable energy
META,2024/12/09 04:25:00,"Meet the Unstoppable Artificial Intelligence (AI) Stock That Could Join Apple, Nvidia, and Microsoft in the $3 Trillion Club by 2028"
META,2024/12/09 00:07:00,Killing of UnitedHealthcare CEO spotlights complex challenge companies face in protecting top brass
META,2024/12/09 00:05:00,"Is This Wildly Overvalued Stock Market Doomed? Yes, but Maybe Not Yet"
META,2024/12/05 16:45:00,Meta Announces Quarterly Cash Dividend
META,2024/12/09 15:07:00,"Meta Platforms, Inc. (META) Partners with MongoDB to Integrate AI Models into MAAP Technology Stack for Faster AI Application Delivery"
META,2024/12/09 13:40:00,Stock Market Today: Dow Jones Keeps Losses Tidy As New Medical IPO Breaks Out (Live Coverage)
META,2024/12/09 13:33:00,Meta partners with James Cameron's tech venture to boost mixed reality content
META,2024/12/09 13:16:00,"Nvidia Stock Rises. What Musk, Metas Big Plans Mean for AI Chips."
META,2024/12/09 10:54:00,Meta plans to invest $10B in building Louisiana data center
META,2024/12/09 10:43:00,UnitedHealth Shooting Is a Wake-Up Call on Corporate Security
META,2024/12/09 10:20:00,Trump just gave a new signal he isn't going to let up on Big Tech
META,2024/12/09 10:08:00,"TikTok Ruling in Focus for Meta, Alphabet, Oracle Investors"
META,2024/12/09 09:30:00,"Invenergy to Provide over 760MW in Renewable Energy, Supporting Meta's Energy needs in line with its Clean and Renewable Energy Goals"
META,2024/12/09 09:03:00,Meta Expands AI Infrastructure with $10 Billion Louisiana Data Center
META,2024/12/09 09:00:00,The UC Berkeley Project That Is the AI Industrys Obsession
META,2024/12/09 08:45:00,1 No-Brainer Vanguard Sector ETF to Buy Right Now for Less Than $500
META,2024/12/09 07:09:00,Meta to invest $10bn in AI data centre in Louisiana
META,2024/12/09 07:03:00,Meta buys credits from four big US solar projects
META,2024/12/09 06:52:00,Bitcoin Is Soaring for This Reason. Why Investors Should Beware the Crypto Rally and 5 Other Things to Know Today.
META,2024/12/09 06:37:00,Meta Platforms Inc (META): AI Innovations Driving Future Growth
META,2024/12/09 05:36:00,"Nvidia Stock Slips. What Musk, Metas Huge Data Center Plans Mean for AI Chip Demand."
META,2024/12/09 03:17:00,Turkish antitrust authority ends Meta probe over Threads data-sharing
META,2024/12/04 18:10:00,Meta Announces $10 Billion Data Center in Louisiana
META,2024/12/09 17:55:00,Meta to build $10 billion AI data center in Louisiana as Elon Musk expands his Tennessee AI facility
META,2024/12/09 16:15:00,Meta Stock Hovers Near All-Time High. Why Facebook Parent Is A Cyber Monday Winner.
META,2024/12/09 15:47:00,"OpenAI, Anthropic Expand in Europe With Zurich Offices"
META,2024/12/09 15:21:00,Meta to invest $10 billion for Louisiana data center
META,2024/12/09 15:09:00,Why Meta Platforms (META) Will Be a Major Beneficiary of AI
META,2024/12/09 11:20:00,"Meta CEO Zuckerberg Eyes Key Role in U.S. Tech Policy as AI Drives 29% 6-Month Stock Surge"""
META,2024/12/09 10:00:00,Facebook to be powered by nuclear reactors as Zuckerberg eyes mini-nukes
META,2024/12/09 09:48:00,Meta Shares Marketing Insights with Performance Talks Hub
META,2024/12/09 09:24:00,Meta is joining Big Tech's AI rush to nuclear power
META,2024/12/09 09:17:00,"Meta taps Turner, DPR, Mortenson for $10B data center"
META,2024/12/09 09:15:00,"Meta Platforms, Inc. (META) Hit a 52 Week High, Can the Run Continue?"
META,2024/12/09 08:38:00,Meta latest tech company to embrace nuclear
META,2024/12/09 08:27:00,Meta Announces Interactive Updates for Broadcast Channels
META,2024/12/09 08:15:00,Meta is the latest tech giant to turn to nuclear to power its AI ambitions
META,2024/12/09 07:10:00,"Apple, Meta Are Leading a Big Tech Rally. Why Trump Could Halt It and 5 Other Things to Know Today."
META,2024/12/09 03:56:00,1 No-Brainer Artificial Intelligence (AI) ETF to Buy With $40 During the S&P 500 Bull Market
META,2024/12/03 17:34:00,"Meta Hits Buy Point And New High, Leaving Stock Poised To Extend 73% Run"
META,2024/12/09 17:31:00,Meta seeks new nuclear reactors to run US data centers
META,2024/12/09 16:42:00,Tech Giant Meta Seeking Nuclear Power to Support Data Centers
META,2024/12/09 16:17:00,"Meta Platforms Talks Political Misinformation, Content Moderation In Latest Blog"
META,2024/12/09 16:11:00,Meta Sets a Record High. Why the Stock Is on a Roll.
META,2024/12/09 16:04:00,Apple and Meta Lift the Market to Another Record. Why the Dow Declined.
META,2024/12/09 14:25:00,Meta CEO Mark Zuckerberg wants an 'active role' in Trump administration tech policies
META,2024/12/09 13:45:00,"Meta Hits Buy Point, Leaving Stock Poised To Extend 70% Run"
META,2024/12/09 12:37:00,Meta Touches Record High. Why the Stock Is on a Roll.
META,2024/12/09 11:58:00,Facebook investigates posts about scum coming into Britain in wake of Southport riots
META,2024/12/09 11:53:00,Meta says AI content made up less than 1% of election-related misinformation on its apps
META,2024/12/09 09:32:00,"Meta Platforms, Inc. (META) Among Billionaire Ken Fishers Top Stock Picks Heading Into 2025"
META,2024/12/09 08:54:00,Meta's $10B Bet: Building a Global Underwater Internet Cable
META,2024/12/09 08:23:00,Meta Seeks to Ease Tensions with Trump While Outlining Election Integrity Efforts
META,2024/12/09 08:06:00,Meta says gen AI had muted impact on global elections this year
META,2024/12/09 04:27:00,Cathie Wood Says Software Is the Next Big AI Opportunity -- 1 Super Stock You'll Regret Not Buying in 2025 If She's Right
TSLA,2024/12/09 10:01:00,"Magnificent Seven Stocks: Nvidia Stock Tumbles; Amazon, Tesla Rally To New Highs"
TSLA,2024/12/09 09:39:00,Meme Stocks Soar Then Dive After 'Roaring Kitty' Ignites Frenzy; GameStop Earnings Ahead; Are Meme Stocks A Buy Now?
TSLA,2024/12/09 08:11:00,"These Stocks Are Moving the Most Today: Super Micro, Tesla, Nvidia, Workday, AppLovin, SoFi, Interpublic, and More"
TSLA,2024/12/09 07:09:00,Deutsche Bank names Tesla stock 'a key idea for 2025'
TSLA,2024/12/09 07:06:00,Elon Musk vs Delaware battle puts spotlight on value of shareholder votes
TSLA,2024/12/09 06:54:00,Tesla Stock Rises. A Record High Is In Sight.
TSLA,2024/12/09 05:25:00,This AI Robot Trader Loves Tesla Stock and Other Trump Trades
TSLA,2024/12/09 04:44:00,Tesla's Next Big Thing? Low-Cost EVs and Robotaxis Spark Stock Rally
TSLA,2024/12/08 21:14:00,Apple Tops the List of Best-Managed Companies of 2024
TSLA,2024/12/09 15:51:00,Tesla Stock and the Path to a Record High
TSLA,2024/12/09 07:49:00,2 key inflation prints loom ahead of Fed rate cut decision: What to know this week
TSLA,2024/12/09 05:12:00,Tesla Stock vs. Amazon Stock: Billionaires Buy One and Sell the Other Ahead of 2025
TSLA,2024/12/09 05:00:00,How Elon Musk could use his new influence to nail his rivals
TSLA,2024/12/09 00:02:00,Can Stocks Pull Off a Third Consecutive Year of Big Gains?
TSLA,2024/12/07 12:52:00,"What Is Tesla, Inc. (TSLA) The Best Lithium and Battery Stocks to Buy Now?"
TSLA,2024/12/09 10:30:00,Crypto's winning week capped by David Sacks's ascension to Trump White House
TSLA,2024/12/09 10:00:00,Could Buying Rivian Stock Set You Up for Life?
TSLA,2024/12/09 09:00:00,"Intel ousts its CEO, Mark Zuckerberg eyes Trump, and Elon Musk loses again: Tech news roundup"
TSLA,2024/12/09 09:00:00,"Bill Gates' book list, Elon Musk vs. Sam Altman, and Bob Iger's 4 a.m. wakeup: Leadership news roundup"
TSLA,2024/12/09 05:30:00,Dividend Stocks Are Primed for a Comeback in 2025
TSLA,2024/12/09 05:00:00,"Ozempic curbs drinking, Hawk Tuah's memecoin, Bezos bets on Nvidia rival: The week's most popular stories"
TSLA,2024/12/09 02:38:00,"Bernstein Analyst Assigns Sell Rating on Tesla, Inc. (TSLA), Citing Risks in Robotaxi Project and Overvaluation"
TSLA,2024/12/06 18:30:00,"Analyst Report: Tesla, Inc."
TSLA,2024/12/09 17:20:00,Trump Administration Set to Decide Future of Jet Fighters
TSLA,2024/12/09 16:36:00,Tesla Stock Climbs to Its Highest Level in Years. Its Been a Wild Few Weeks.
TSLA,2024/12/09 16:07:00,Is Tesla Stock A Buy Or A Sell After Analyst Hikes Price Target; 'Optimus Is Real'
TSLA,2024/12/09 14:37:00,Elon Musk Pumped a Quarter-Billion Dollars Into Pro-Trump Campaign Groups
TSLA,2024/12/09 13:15:00,The Magnificent 7 Stocks Had a Big Week. Why They Can Stay on Top.
TSLA,2024/12/09 12:47:00,Commercial fleet electrification powers on: InCharge Energy COO
TSLA,2024/12/09 12:34:00,FSD Upgrades and AI Potential Drive Tesla's $1.1 Trillion Market Surge
TSLA,2024/12/09 12:12:00,Elon Musk weighs in on whether he would abuse his growing political influence
TSLA,2024/12/09 11:17:00,Here's how much Big Tech spends guarding its wealthiest CEOs
TSLA,2024/12/09 10:59:00,"European auto industry faces 'perfect storm' amid slower EV adoption, Bernstein"
TSLA,2024/12/09 10:47:00,Bitcoin Survives a Flash Crash. Where It Could Be Heading Next.
TSLA,2024/12/09 10:42:00,Tesla Stock Is as Controversial as It Gets. This Is Why.
TSLA,2024/12/09 08:00:00,"Gary Black Says Tesla's Bitcoin Holdings Not 'Relevant' To TSLA's Stock Price, Urges Focus On EV Expansion And Share Buybacks"
TSLA,2024/12/09 08:00:00,Why Elon Musk and Trump could fall flat with DOGE
TSLA,2024/12/09 07:49:00,5 Things to Know Before the Stock Market Opens
TSLA,2024/12/09 07:22:00,"Stocks Have Defied a Turbulent Week. Fed, Trump Can Spark Further Market Volatility and 5 Other Things to Know Today."
TSLA,2024/12/09 06:26:00,"Trump Names VC Investor Sacks White House AI, Crypto Czar"
TSLA,2024/12/09 04:59:00,"Bitcoin Price Slips Below $100,000. Watch Out for This Catalyst."
TSLA,2024/12/09 01:00:00,"As the U.S. Stock Market Booms, Its Time to Look Abroad. 12 Picks From Our Experts."
TSLA,2024/12/09 00:05:00,"Is This Wildly Overvalued Stock Market Doomed? Yes, but Maybe Not Yet"
TSLA,2024/12/05 23:36:00,"Trump Plans to Appoint Musk Confidant David Sacks as AI, Crypto Czar"
TSLA,2024/12/09 20:50:00,A Black Friday/Cyber Monday Breakdown
TSLA,2024/12/09 20:17:00,"Tesla, Inc. (TSLA) Gains Price Target Boost from Bank of America Amid AI and Robotics Advances"
TSLA,2024/12/09 18:54:00,Republicans Embrace DOGE on Capitol Hill
TSLA,2024/12/09 17:33:00,Elon Musk's xAI lands $6B in new cash to fuel AI ambitions
TSLA,2024/12/09 16:49:00,Uber and Lyft Stocks Plunge As Google's Waymo Brings Driverless Taxis to Miami
TSLA,2024/12/09 16:39:00,S&P 500 Gains and Losses Today: Synopsys Sinks as China Restrictions Hurt Outlook
TSLA,2024/12/09 16:21:00,Tesla Stock Rises as New Cybercab Details Emerge
TSLA,2024/12/09 16:11:00,Why Tesla Stock Is Jumping Today
TSLA,2024/12/09 15:58:00,Tesla stock gets price target bump to $400 by BofA analysts
TSLA,2024/12/09 15:53:00,"Jim Cramer on Tesla, Inc. (TSLA) CEO Elon Musk: He May Be The Most Important Man In America For All I Know, As Long As He Stays Tight With Trump"
TSLA,2024/12/09 14:57:00,Elon Musks DOGE benefits from being whatever people want it to be
TSLA,2024/12/09 14:55:00,Teslas Fast-Selling Toy Bot Is Back
TSLA,2024/12/09 13:55:00,"Midday stock movers: Tesla, Dollar General, HP Enterprise, more"
TSLA,2024/12/09 13:43:00,"Tesla stock rises, Lululemon & HPE earnings in focus: Yahoo Finance"
TSLA,2024/12/09 13:21:00,Another $400 Price Target Is Lifting Tesla's Stock Today
TSLA,2024/12/09 13:20:00,Elon Musk's DOGE has some Democratic friends on Capitol Hill
TSLA,2024/12/09 13:00:00,"'Big Short' Trader Danny Moses Gives Up On Shorting Tesla, Says It Is 'Very Difficult To Short A Name That Is Not Trading On Fundamentals'"
TSLA,2024/12/09 12:49:00,Tesla's FSD tests were 'incredibly good' and we're optimistic on the growth potential: BofA's Murphy
TSLA,2024/12/09 12:28:00,These Small Stocks Got a Big Boost From Trump Jr. Tie-Ups
TSLA,2024/12/09 12:27:00,Tesla stock pops as Giga Austin visit has BofA bullish
TSLA,2024/12/09 11:57:00,"Tesla's $400 Price Target: AI, Robotaxis, and a Humanoid Robot Revolution"
TSLA,2024/12/09 10:39:00,BofA Raises Tesla Price Target Amid Growing Confidence in Long-Term Growth and Expansion Plans
TSLA,2024/12/09 09:52:00,"Bitcoin Hits $100,000, Lifted by Hopes of a Crypto-Friendly Washington"
TSLA,2024/12/09 08:42:00,Bezos Extends an Olive Branch to Trump and Musk
TSLA,2024/12/09 08:13:00,"Salesforce CEO Marc Benioff: DOGE has a real shot at cutting costs, and new technologies could help"
TSLA,2024/12/09 08:00:00,"Cybertruck Turns 1: If You Invested $1,000 In Tesla Stock When EV Truck Was Unveiled, Here's How Much You'd Have Today"
TSLA,2024/12/09 07:55:00,Tesla Stock Inches Up. The Cybercab Will Have Fewer Parts.
TSLA,2024/12/09 07:28:00,Tesla Hits New Highs as BofA Upgrades Price Target to $400
TSLA,2024/12/09 06:41:00,Analyst revisits Tesla stock price target amid Optimus robotics push
TSLA,2024/12/09 05:00:00,DOGEs Big Ideas Include Ending Remote Work and Daylight Saving Changes
TSLA,2024/12/09 04:00:00,Elon Musk is getting some (tentative) bipartisan interest as he heads to Capitol Hill
TSLA,2024/12/04 19:33:00,Tesla replaced by much smaller rival in EV charging project
TSLA,2024/12/09 18:33:00,Humanoid robots could create a $7 trillion market in the next 25 years: Citi analysts
TSLA,2024/12/09 17:38:00,Elon Musk's multibillion-dollar pay package is rejected for a second time. What to know
TSLA,2024/12/09 16:42:00,"Tesla Stock Hits a New 52-Week High, Shakes Off Growth Concerns"
TSLA,2024/12/09 12:00:00,What's Going On With Magnificent 7 Stocks?
TSLA,2024/12/09 11:45:00,"Musk's $119 Billion Wealth Increase Outpaces Dell and Zuckerberg, But Guess Who's Catching Up"
TSLA,2024/12/09 11:45:00,Is Sirius XM Finally a Tesla Stock Play?
TSLA,2024/12/09 11:43:00,Sam Altman isn't worried about Elon Musk's relationship with Donald Trump
TSLA,2024/12/09 11:36:00,Tech's Santa Claus rally: Analyst sees AI party carrying into 2025
TSLA,2024/12/09 11:25:00,Sam Altman: 'Tremendously sad' about Elon Musk lawsuit
TSLA,2024/12/09 10:19:00,"Tesla Stock Wobbles. Deliveries Wont Grow This Year, Goldman Sachs Says."
TSLA,2024/12/09 09:16:00,"Tesla Deliveries Wont Grow This Year, Goldman Sachs Says. The Stock Rises Anyway."
TSLA,2024/12/09 08:22:00,Tesla's November China EV Sales Drop 4.3% as BYD Hits New High
TSLA,2024/12/09 08:13:00,General Motors Takes $5 Billion Hit From Ailing China Business
TSLA,2024/12/09 07:50:00,"Tesla Stock Rises. Why Theres Wall Street Worry About Deliveries, Growth."
TSLA,2024/12/09 06:19:00,Brian Moynihan has some advice for Elon Musk when it comes to running DOGEbut it may not be the Tesla CEOs style
TSLA,2024/12/09 01:04:00,"The lawyers who took on Tesla and Elon Musk wanted $5.6 billion for winning the case. In a lawsuit about excessive pay, That was a bold ask, said the judge."
TSLA,2024/12/09 00:00:00,AP Top Financial News at 9:51 a.m. EST
TSLA,2024/12/09 00:00:00,AP Top Extended Financial Headlines at 8:44 a.m. EST
TSLA,2024/12/03 22:16:00,"The 4 fatal flaws in Teslas bid to award Elon Musk $100 billion, according to the judge who dashed his pay"
TSLA,2024/12/09 21:07:00,Corrections & Amplifications
TSLA,2024/12/09 18:07:00,'Big Short' Trader Danny Moses on why he's no longer shorting Tesla
TSLA,2024/12/09 17:45:00,Tesla (TSLA) Stock Slides as Market Rises: Facts to Know Before You Trade
TSLA,2024/12/09 17:35:00,"Affirm's CEO on Holiday Shopping, Why He Started His Company   and Elon Musk"
TSLA,2024/12/09 16:49:00,Why Tesla Stock Jumped 38% in November
